<?xml version="1.0" encoding="UTF-8"?>
<metadata xml:lang="nl"><Esri><CreaDate>20221004</CreaDate><CreaTime>14312400</CreaTime><ArcGISFormat>1.0</ArcGISFormat><ArcGISstyle>GeoSticker</ArcGISstyle><SyncOnce>TRUE</SyncOnce><DataProperties><lineage><Process ToolSource="c:\program files (x86)\arcgis\desktop10.6\ArcToolbox\Toolboxes\Data Management Tools.tbx\CreateFeatureclass" Date="20220306" Time="120400">CreateFeatureclass "Database Connections\PUB ACCEPTATIE  PUBLICATIE.sde" Gebiedsindeling POLYGON # ENABLED ENABLED "PROJCS['RD_New',GEOGCS['GCS_Amersfoort',DATUM['D_Amersfoort',SPHEROID['Bessel_1841',6377397.155,299.1528128]],PRIMEM['Greenwich',0.0],UNIT['Degree',0.0174532925199433]],PROJECTION['Double_Stereographic'],PARAMETER['False_Easting',155000.0],PARAMETER['False_Northing',463000.0],PARAMETER['Central_Meridian',5.38763888888889],PARAMETER['Scale_Factor',0.9999079],PARAMETER['Latitude_Of_Origin',52.15616055555555],UNIT['Meter',1.0]];-30515500 -30279500 10000;-100000 10000;-100000 10000;0,001;0,001;0,001;IsHighPrecision" SDO_GEOMETRY 0 0 0</Process><Process ToolSource="c:\program files (x86)\arcgis\desktop10.6\ArcToolbox\Toolboxes\Data Management Tools.tbx\AddField" Date="20220306" Time="120402">AddField "Database Connections\PUB ACCEPTATIE  PUBLICATIE.sde\Gebiedsindeling" CODE TEXT # # 50 Code NULLABLE NON_REQUIRED #</Process><Process ToolSource="c:\program files (x86)\arcgis\desktop10.6\ArcToolbox\Toolboxes\Data Management Tools.tbx\AddField" Date="20220306" Time="120404">AddField "Database Connections\PUB ACCEPTATIE  PUBLICATIE.sde\Gebiedsindeling" SOORTGEBIED TEXT # # 150 "Soort Gebied" NULLABLE NON_REQUIRED #</Process><Process ToolSource="c:\program files (x86)\arcgis\desktop10.6\ArcToolbox\Toolboxes\Data Management Tools.tbx\AddField" Date="20220306" Time="120405">AddField "Database Connections\PUB ACCEPTATIE  PUBLICATIE.sde\Gebiedsindeling" NAAM TEXT # # 100 Naam NULLABLE NON_REQUIRED #</Process><Process ToolSource="c:\program files (x86)\arcgis\desktop10.6\ArcToolbox\Toolboxes\Data Management Tools.tbx\AddField" Date="20220306" Time="120407">AddField "Database Connections\PUB ACCEPTATIE  PUBLICATIE.sde\Gebiedsindeling" KLEURCODE SHORT # # # Kleurcode NULLABLE NON_REQUIRED #</Process><Process ToolSource="c:\program files (x86)\arcgis\desktop10.6\ArcToolbox\Toolboxes\Data Management Tools.tbx\AddField" Date="20220306" Time="120409">AddField "Database Connections\PUB ACCEPTATIE  PUBLICATIE.sde\Gebiedsindeling" OPPERVLAKTE DOUBLE # # # "Oppervlakte (m2)" NULLABLE NON_REQUIRED #</Process><Process ToolSource="c:\program files (x86)\arcgis\desktop10.6\ArcToolbox\Toolboxes\Data Management Tools.tbx\AddField" Date="20220306" Time="120411">AddField "Database Connections\PUB ACCEPTATIE  PUBLICATIE.sde\Gebiedsindeling" OMTREK DOUBLE # # # "Omtrek (m)" NULLABLE NON_REQUIRED #</Process><Process ToolSource="c:\program files (x86)\arcgis\desktop10.6\ArcToolbox\Toolboxes\Data Management Tools.tbx\AlterField" Date="20220306" Time="120412">AlterField "Database Connections\PUB ACCEPTATIE  PUBLICATIE.sde\Gebiedsindeling" OPPERVLAKTE OPPERVLAKTE "Oppervlakte (m2)" DOUBLE 8 NULLABLE false</Process><Process ToolSource="c:\program files (x86)\arcgis\desktop10.6\ArcToolbox\Toolboxes\Data Management Tools.tbx\AlterField" Date="20220306" Time="120414">AlterField "Database Connections\PUB ACCEPTATIE  PUBLICATIE.sde\Gebiedsindeling" OMTREK OMTREK "Omtrek (m)" DOUBLE 8 NULLABLE false</Process><Process ToolSource="c:\program files (x86)\arcgis\desktop10.6\ArcToolbox\Toolboxes\Data Management Tools.tbx\AddField" Date="20220306" Time="120416">AddField "Database Connections\PUB ACCEPTATIE  PUBLICATIE.sde\Gebiedsindeling" BEHEERDER1 TEXT # # 150 Beheerder NULLABLE NON_REQUIRED #</Process><Process ToolSource="c:\program files (x86)\arcgis\desktop10.6\ArcToolbox\Toolboxes\Data Management Tools.tbx\AddField" Date="20220306" Time="120418">AddField "Database Connections\PUB ACCEPTATIE  PUBLICATIE.sde\Gebiedsindeling" BEHEERDER2 TEXT # # 150 Beheerder2 NULLABLE NON_REQUIRED #</Process><Process ToolSource="c:\program files (x86)\arcgis\desktop10.6\ArcToolbox\Toolboxes\Data Management Tools.tbx\AddField" Date="20220306" Time="120419">AddField "Database Connections\PUB ACCEPTATIE  PUBLICATIE.sde\Gebiedsindeling" BEHEERDER3 TEXT # # 150 Beheerder3 NULLABLE NON_REQUIRED #</Process><Process ToolSource="c:\program files (x86)\arcgis\desktop10.6\ArcToolbox\Toolboxes\Data Management Tools.tbx\AddField" Date="20220306" Time="120421">AddField "Database Connections\PUB ACCEPTATIE  PUBLICATIE.sde\Gebiedsindeling" BEHEERDER4 TEXT # # 150 Beheerder4 NULLABLE NON_REQUIRED #</Process><Process ToolSource="c:\program files (x86)\arcgis\desktop10.6\ArcToolbox\Toolboxes\Data Management Tools.tbx\AddField" Date="20220306" Time="120423">AddField "Database Connections\PUB ACCEPTATIE  PUBLICATIE.sde\Gebiedsindeling" LONGITUDE DOUBLE # # # Longitude NULLABLE NON_REQUIRED #</Process><Process ToolSource="c:\program files (x86)\arcgis\desktop10.6\ArcToolbox\Toolboxes\Data Management Tools.tbx\AddField" Date="20220306" Time="120424">AddField "Database Connections\PUB ACCEPTATIE  PUBLICATIE.sde\Gebiedsindeling" TELEFOONNUMMER TEXT # # 25 Telefoonnummer NULLABLE NON_REQUIRED #</Process><Process ToolSource="c:\program files (x86)\arcgis\desktop10.6\ArcToolbox\Toolboxes\Data Management Tools.tbx\AddField" Date="20220306" Time="120426">AddField "Database Connections\PUB ACCEPTATIE  PUBLICATIE.sde\Gebiedsindeling" LATITUDE DOUBLE # # # Latitude NULLABLE NON_REQUIRED #</Process><Process ToolSource="c:\program files (x86)\arcgis\desktop10.6\ArcToolbox\Toolboxes\Data Management Tools.tbx\AddField" Date="20220306" Time="120428">AddField "Database Connections\PUB ACCEPTATIE  PUBLICATIE.sde\Gebiedsindeling" REGIO TEXT # # 150 Regio NULLABLE NON_REQUIRED #</Process><Process ToolSource="c:\program files (x86)\arcgis\desktop10.6\ArcToolbox\Toolboxes\Data Management Tools.tbx\AddField" Date="20220306" Time="120430">AddField "Database Connections\PUB ACCEPTATIE  PUBLICATIE.sde\Gebiedsindeling" PERSONEELSCODE LONG 10 # # Personeelscode NULLABLE NON_REQUIRED #</Process><Process ToolSource="c:\program files (x86)\arcgis\desktop10.6\ArcToolbox\Toolboxes\Data Management Tools.tbx\AddField" Date="20220306" Time="120432">AddField "Database Connections\PUB ACCEPTATIE  PUBLICATIE.sde\Gebiedsindeling" OPMERKING TEXT # # 250 Opmerking NULLABLE NON_REQUIRED #</Process><Process ToolSource="c:\program files (x86)\arcgis\desktop10.6\ArcToolbox\Toolboxes\Data Management Tools.tbx\AddField" Date="20220306" Time="120433">AddField "Database Connections\PUB ACCEPTATIE  PUBLICATIE.sde\Gebiedsindeling" XCOORDINAAT DOUBLE # # # "X Coordinaat" NULLABLE NON_REQUIRED #</Process><Process ToolSource="c:\program files (x86)\arcgis\desktop10.6\ArcToolbox\Toolboxes\Data Management Tools.tbx\AddField" Date="20220306" Time="120435">AddField "Database Connections\PUB ACCEPTATIE  PUBLICATIE.sde\Gebiedsindeling" YCOORDINAAT DOUBLE # # # "Y Coordinaat" NULLABLE NON_REQUIRED #</Process><Process ToolSource="c:\program files (x86)\arcgis\desktop10.6\ArcToolbox\Toolboxes\Data Management Tools.tbx\AddField" Date="20220306" Time="120437">AddField "Database Connections\PUB ACCEPTATIE  PUBLICATIE.sde\Gebiedsindeling" GEOKPOBJECTID LONG # # # "geokpObject ID" NULLABLE NON_REQUIRED #</Process><Process ToolSource="c:\program files (x86)\arcgis\desktop10.6\ArcToolbox\Toolboxes\Data Management Tools.tbx\AddField" Date="20220306" Time="120439">AddField "Database Connections\PUB ACCEPTATIE  PUBLICATIE.sde\Gebiedsindeling" LAST_EDITED_DATE DATE # # # "Datum Wijziging" NULLABLE NON_REQUIRED #</Process><Process ToolSource="c:\program files (x86)\arcgis\desktop10.6\ArcToolbox\Toolboxes\Data Management Tools.tbx\ChangePrivileges" Date="20220306" Time="211530">ChangePrivileges 'Database Connections\PUB ACCEPTATIE  PUBLICATIE.sde\PUBLICATIE.Gebiedsindeling' FME_WRITE GRANT GRANT</Process><Process ToolSource="c:\program files (x86)\arcgis\desktop10.6\ArcToolbox\Toolboxes\Data Management Tools.tbx\ChangePrivileges" Date="20220306" Time="211628">ChangePrivileges 'Database Connections\PUB ACCEPTATIE  PUBLICATIE.sde\PUBLICATIE.Gebiedsindeling' ARCGIS_READ GRANT AS_IS</Process><Process ToolSource="c:\program files (x86)\arcgis\desktop10.6\ArcToolbox\Toolboxes\Data Management Tools.tbx\CalculateField" Date="20221004" Time="143150">CalculateField Rijnland_grens CODE "1" VB #</Process></lineage></DataProperties></Esri></metadata>
