<?xml version="1.0" encoding="UTF-8"?>
<?xml-stylesheet type="text/xsl" href="http://www.geosticker.nl/stylesheets/GeoSticker.xsl"?>
<metadata xml:lang="en"><Esri><CreaDate>20220829</CreaDate><CreaTime>08563900</CreaTime><SyncOnce>FALSE</SyncOnce><SyncDate>20140130</SyncDate><SyncTime>14320400</SyncTime><ModDate>20140130</ModDate><ModTime>14320400</ModTime><DataProperties><lineage><Process ToolSource="c:\program files\arcgis\desktop10.2\ArcToolbox\Toolboxes\Data Management Tools.tbx\CalculateField" Date="20150922" Time="105707">CalculateField INTWIS2.GW_GAF GAFCODE "FB" VB #</Process><Process ToolSource="c:\program files\arcgis\desktop10.2\ArcToolbox\Toolboxes\Data Management Tools.tbx\CalculateField" Date="20150922" Time="105804">CalculateField INTWIS2.GW_GAF GAFCODE "FB" VB #</Process><Process ToolSource="c:\program files\arcgis\desktop10.2\ArcToolbox\Toolboxes\Data Management Tools.tbx\CalculateField" Date="20150922" Time="105823">CalculateField INTWIS2.GW_GAF GAFCODE "FB" VB #</Process><Process ToolSource="c:\program files\arcgis\desktop10.2\ArcToolbox\Toolboxes\Data Management Tools.tbx\CalculateField" Date="20150922" Time="105833">CalculateField INTWIS2.GW_GAF GAFCODE "FB" VB #</Process><Process ToolSource="c:\program files\arcgis\desktop10.2\ArcToolbox\Toolboxes\Data Management Tools.tbx\CalculateField" Date="20150922" Time="105848">CalculateField INTWIS2.GW_GAF GAFCODE "FB" VB #</Process><Process ToolSource="c:\program files\arcgis\desktop10.2\ArcToolbox\Toolboxes\Data Management Tools.tbx\CalculateField" Date="20150922" Time="105906">CalculateField INTWIS2.GW_GAF GAFCODE "FB" VB #</Process><Process ToolSource="c:\program files\arcgis\desktop10.2\ArcToolbox\Toolboxes\Data Management Tools.tbx\CalculateField" Date="20150922" Time="105920">CalculateField INTWIS2.GW_GAF GAFCODE "FB" VB #</Process><Process ToolSource="c:\program files\arcgis\desktop10.2\ArcToolbox\Toolboxes\Data Management Tools.tbx\CalculateField" Date="20150922" Time="105928">CalculateField INTWIS2.GW_GAF GAFCODE "FB" VB #</Process><Process ToolSource="c:\program files\arcgis\desktop10.2\ArcToolbox\Toolboxes\Data Management Tools.tbx\CalculateField" Date="20150922" Time="105937">CalculateField INTWIS2.GW_GAF GAFCODE "FB" VB #</Process><Process ToolSource="c:\program files\arcgis\desktop10.2\ArcToolbox\Toolboxes\Data Management Tools.tbx\CalculateField" Date="20150922" Time="105951">CalculateField INTWIS2.GW_GAF GAFCODE "FB" VB #</Process><Process ToolSource="c:\program files\arcgis\desktop10.2\ArcToolbox\Toolboxes\Data Management Tools.tbx\CalculateField" Date="20150922" Time="110016">CalculateField INTWIS2.GW_GAF GAFCODE "FB" VB #</Process><Process ToolSource="c:\program files\arcgis\desktop10.2\ArcToolbox\Toolboxes\Data Management Tools.tbx\CalculateField" Date="20150922" Time="110222">CalculateField INTWIS2.GW_GAF GAFCODE "LE" VB #</Process><Process ToolSource="c:\program files\arcgis\desktop10.2\ArcToolbox\Toolboxes\Data Management Tools.tbx\CalculateField" Date="20150922" Time="110234">CalculateField INTWIS2.GW_GAF GAFCODE "LE" VB #</Process><Process ToolSource="c:\program files\arcgis\desktop10.2\ArcToolbox\Toolboxes\Data Management Tools.tbx\CalculateField" Date="20150922" Time="110249">CalculateField INTWIS2.GW_GAF GAFCODE "LE" VB #</Process><Process ToolSource="c:\program files\arcgis\desktop10.3\ArcToolbox\Toolboxes\Data Management Tools.tbx\CalculateField" Date="20170818" Time="153906">CalculateField Afvoergebieden OSMOMSCH "20170818 er" VB #</Process><Process ToolSource="c:\program files\arcgis\desktop10.3\ArcToolbox\Toolboxes\Data Management Tools.tbx\CalculateField" Date="20170818" Time="153919">CalculateField Afvoergebieden GAFJAAR "2017" VB #</Process><Process ToolSource="c:\program files\arcgis\desktop10.3\ArcToolbox\Toolboxes\Data Management Tools.tbx\CalculateField" Date="20170818" Time="162937">CalculateField Afvoergebieden OSMOMSCH "20170818 er" VB #</Process><Process ToolSource="c:\program files\arcgis\desktop10.3\ArcToolbox\Toolboxes\Data Management Tools.tbx\CalculateField" Date="20170818" Time="162948">CalculateField Afvoergebieden GAFJAAR "2017" VB #</Process><Process ToolSource="c:\program files\arcgis\desktop10.3\ArcToolbox\Toolboxes\Data Management Tools.tbx\CalculateField" Date="20170821" Time="081834">CalculateField Afvoergebieden OSMOMSCH "20170821 er" VB #</Process><Process ToolSource="c:\program files\arcgis\desktop10.3\ArcToolbox\Toolboxes\Data Management Tools.tbx\CalculateField" Date="20170821" Time="081844">CalculateField Afvoergebieden GAFJAAR "2017" VB #</Process><Process ToolSource="c:\program files\arcgis\desktop10.3\ArcToolbox\Toolboxes\Data Management Tools.tbx\CalculateField" Date="20170821" Time="121749">CalculateField Afvoergebieden OSMOMSCH "20170821 er" VB #</Process><Process ToolSource="c:\program files\arcgis\desktop10.3\ArcToolbox\Toolboxes\Data Management Tools.tbx\CalculateField" Date="20170821" Time="121802">CalculateField Afvoergebieden GAFJAAR "2017" VB #</Process></lineage></DataProperties><ArcGISFormat>1.0</ArcGISFormat></Esri><MD_Metadata xmlns:gml="http://www.opengis.net/gml" xmlns:xlink="http://www.w3.org/1999/xlink" xmlns:xsi="http://www.w3.org/2001/XMLSchema-instance" xmlns:gco="http://www.isotc211.org/2005/gco" xsi:schemaLocation="http://www.isotc211.org/2005/gmd
http://schemas.opengis.net/iso/19139/20060504/gmd/gmd.xsd" xmlns="http://www.isotc211.org/2005/gmd"><fileIdentifier><gco:CharacterString>De automatische file ID</gco:CharacterString></fileIdentifier><language><LanguageCode codeList="http://www.loc.gov/standards/iso639-2/" codeListValue="dut">dut</LanguageCode></language><characterSet><MD_CharacterSetCode codeList="./resources/codeList.xml#MD_CharacterSetCode" codeListValue="utf8"/></characterSet><hierarchyLevel><MD_ScopeCode codeList="./resources/codeList.xml#MD_ScopeCode" codeListValue="dataset">dataset</MD_ScopeCode></hierarchyLevel><contact><CI_ResponsibleParty><organisationName><gco:CharacterString>Waterschap Noorderzijlvest</gco:CharacterString></organisationName><contactInfo><CI_Contact><phone/><address><CI_Address><electronicMailAddress><gco:CharacterString>geo@noorderzjilvest.nl</gco:CharacterString></electronicMailAddress></CI_Address></address><onlineResource><CI_OnlineResource><linkage><URL>www.noorderzijlvest.nl</URL></linkage></CI_OnlineResource></onlineResource></CI_Contact></contactInfo><role><CI_RoleCode codeList="./resources/codeList.xml#CI_RoleCode" codeListValue="custodian"/></role></CI_ResponsibleParty></contact><dateStamp><gco:Date>2013-01-29</gco:Date></dateStamp><metadataStandardName><gco:CharacterString>ISO 19115</gco:CharacterString></metadataStandardName><metadataStandardVersion><gco:CharacterString>Nederlandse metadata profiel op ISO 19115 voor geografie 1.3</gco:CharacterString></metadataStandardVersion><referenceSystemInfo><MD_ReferenceSystem><referenceSystemIdentifier><RS_Identifier><code><gco:CharacterString>28992</gco:CharacterString></code><codeSpace><gco:CharacterString>EPSG</gco:CharacterString></codeSpace></RS_Identifier></referenceSystemIdentifier></MD_ReferenceSystem></referenceSystemInfo><referenceSystemInfo><MD_ReferenceSystem><referenceSystemIdentifier><RS_Identifier><code><gco:CharacterString>5621</gco:CharacterString></code><codeSpace><gco:CharacterString>EPSG</gco:CharacterString></codeSpace></RS_Identifier></referenceSystemIdentifier></MD_ReferenceSystem></referenceSystemInfo><identificationInfo><MD_DataIdentification><citation><CI_Citation><title><gco:CharacterString>Af/Aanvoergebied</gco:CharacterString></title><alternateTitle><gco:CharacterString>-</gco:CharacterString></alternateTitle><date><CI_Date><date><gco:Date>2013-01-01</gco:Date></date><dateType><CI_DateTypeCode codeList="./resources/codeList.xml#CI_DateTypeCode" codeListValue="revision"/></dateType></CI_Date></date><edition><gco:CharacterString>2012-06</gco:CharacterString></edition><identifier><MD_Identifier><code><gco:CharacterString>7c242197-dd92-48b0-a380-0e72d59e1e5e</gco:CharacterString></code></MD_Identifier></identifier><series><CI_Series/></series></CI_Citation></citation><abstract><gco:CharacterString>De dataset geeft informatie over de af/aanvoergebieden in het beheersgebied van waterschap Noorderzijlvest. 
Af/Aanvoergebied: Een gebied begrenst door (stroom)scheidingen, waaruit beschouwd vanuit het aan-/afvoerpunt het water van dat gebied in-/afstroomt of via bemaling getransporteerd wordt naar het desbetreffende aan-/afvoerpunt. Bron: Project Datamodel Watis, gebaseerd op Aquo-lex, www.aquo.nl 
14 november 2011</gco:CharacterString></abstract><purpose><gco:CharacterString>Voor de primaire beheerstaken van een waterschap</gco:CharacterString></purpose><status><MD_ProgressCode codeList="./resources/codeList.xml#MD_ProgressCode" codeListValue="onGoing"/></status><pointOfContact><CI_ResponsibleParty><individualName><gco:CharacterString/></individualName><organisationName><gco:CharacterString>Waterschap Noorderzijlvest</gco:CharacterString></organisationName><positionName><gco:CharacterString/></positionName><contactInfo><CI_Contact><phone><CI_Telephone><voice><gco:CharacterString>050 304 89 11</gco:CharacterString></voice></CI_Telephone></phone><address><CI_Address><deliveryPoint><gco:CharacterString>Postbus 18</gco:CharacterString></deliveryPoint><city><gco:CharacterString>Groningen</gco:CharacterString></city><postalCode><gco:CharacterString>9700 AA</gco:CharacterString></postalCode><country><gco:CharacterString>Nederland</gco:CharacterString></country><electronicMailAddress><gco:CharacterString>geo@noorderzijlvest.nl</gco:CharacterString></electronicMailAddress></CI_Address></address><onlineResource><CI_OnlineResource><linkage><URL>www.noorderzijlvest.nl</URL></linkage></CI_OnlineResource></onlineResource></CI_Contact></contactInfo><role><CI_RoleCode codeList="./resources/codeList.xml#CI_RoleCode" codeListValue="custodian"/></role></CI_ResponsibleParty></pointOfContact><resourceMaintenance><MD_MaintenanceInformation><maintenanceAndUpdateFrequency><MD_MaintenanceFrequencyCode codeList="./resources/codeList.xml#MD_MaintenanceFrequencyCode" codeListValue="continual"/></maintenanceAndUpdateFrequency></MD_MaintenanceInformation></resourceMaintenance><descriptiveKeywords><MD_Keywords><keyword><gco:CharacterString>Hydrografie</gco:CharacterString></keyword><thesaurusName><CI_Citation><title><gco:CharacterString>Voorbeeldenlijst GeoNovum</gco:CharacterString></title><date><CI_Date><date><gco:Date>2007-02-22</gco:Date></date><dateType><CI_DateTypeCode codeList="./resources/codeList.xml#CI_DateTypeCode" codeListValue="publication"/></dateType></CI_Date></date></CI_Citation></thesaurusName></MD_Keywords></descriptiveKeywords><descriptiveKeywords><MD_Keywords><keyword><gco:CharacterString>Hydrografie</gco:CharacterString></keyword><thesaurusName><CI_Citation><title><gco:CharacterString>GEMET - INSPIRE themes, version 1.0</gco:CharacterString></title><date><CI_Date><date><gco:Date>2008-06-01</gco:Date></date><dateType><CI_DateTypeCode codeList="./resources/codeList.xml#CI_DateTypeCode" codeListValue="publication"/></dateType></CI_Date></date></CI_Citation></thesaurusName></MD_Keywords></descriptiveKeywords><resourceConstraints><MD_Constraints><useLimitation><gco:CharacterString>Niet te gebruiken voor juridische bewijsvoering</gco:CharacterString></useLimitation></MD_Constraints></resourceConstraints><resourceConstraints><MD_LegalConstraints><accessConstraints><MD_RestrictionCode codeList="./resources/codeList.xml#MD_RestrictionCode" codeListValue="otherRestrictions"/></accessConstraints><otherConstraints><gco:CharacterString>Publiek Domein Mark (geen beperkingen)</gco:CharacterString></otherConstraints></MD_LegalConstraints></resourceConstraints><spatialRepresentationType><MD_SpatialRepresentationTypeCode codeList="./resources/codeList.xml#MD_SpatialRepresentationTypeCode" codeListValue="vector"/></spatialRepresentationType><spatialResolution><MD_Resolution><equivalentScale><MD_RepresentativeFraction><denominator><gco:Integer>10000</gco:Integer></denominator></MD_RepresentativeFraction></equivalentScale></MD_Resolution></spatialResolution><language><LanguageCode codeList="http://www.loc.gov/standards/iso639-2/" codeListValue="dut">dut</LanguageCode></language><characterSet><MD_CharacterSetCode codeList="./resources/codeList.xml#MD_CharacterSetCode" codeListValue="utf8"/></characterSet><topicCategory><MD_TopicCategoryCode>inlandWaters</MD_TopicCategoryCode></topicCategory><extent><EX_Extent><geographicElement><EX_GeographicBoundingBox><westBoundLongitude><gco:Decimal>6.057</gco:Decimal></westBoundLongitude><eastBoundLongitude><gco:Decimal>6.970</gco:Decimal></eastBoundLongitude><southBoundLatitude><gco:Decimal>52.928</gco:Decimal></southBoundLatitude><northBoundLatitude><gco:Decimal>53.498</gco:Decimal></northBoundLatitude></EX_GeographicBoundingBox></geographicElement><geographicElement><EX_GeographicDescription><geographicIdentifier><MD_Identifier><code><gco:CharacterString>Waterschap Noorderzijlvest</gco:CharacterString></code></MD_Identifier></geographicIdentifier></EX_GeographicDescription></geographicElement><temporalElement><EX_TemporalExtent><extent><gml:TimePeriod gml:id="tp1"><gml:begin><gml:TimeInstant gml:id="ti1"><gml:timePosition>2013-01-01</gml:timePosition></gml:TimeInstant></gml:begin><gml:end><gml:TimeInstant gml:id="ti2"><gml:timePosition>2014-01-01</gml:timePosition></gml:TimeInstant></gml:end></gml:TimePeriod></extent></EX_TemporalExtent></temporalElement></EX_Extent></extent></MD_DataIdentification></identificationInfo><distributionInfo><MD_Distribution><distributionFormat><MD_Format><name><gco:CharacterString>Hydrography GML application schema</gco:CharacterString></name><version><gco:CharacterString>version 3.0; GML, version 3.2.1</gco:CharacterString></version></MD_Format></distributionFormat><distributor><MD_Distributor><distributorContact><CI_ResponsibleParty><individualName><gco:CharacterString>Beheerder Geo-Voorziening</gco:CharacterString></individualName><organisationName><gco:CharacterString>HetWaterschapshuis</gco:CharacterString></organisationName><positionName><gco:CharacterString>Technisch contactpersoon, Inhoudelijk contactpersoon, GV-beheerder.</gco:CharacterString></positionName><contactInfo><CI_Contact><phone><CI_Telephone><voice><gco:CharacterString>06-5025 5097</gco:CharacterString></voice></CI_Telephone></phone><address><CI_Address><deliveryPoint><gco:CharacterString>Postbus 2180</gco:CharacterString></deliveryPoint><city><gco:CharacterString>Amersfoort</gco:CharacterString></city><administrativeArea><gco:CharacterString>Utrecht</gco:CharacterString></administrativeArea><postalCode><gco:CharacterString>3800CD</gco:CharacterString></postalCode><country><gco:CharacterString>NL</gco:CharacterString></country><electronicMailAddress><gco:CharacterString>info@hetwaterschapshuis.nl</gco:CharacterString></electronicMailAddress></CI_Address></address><onlineResource><CI_OnlineResource><linkage><URL>http://www.hetwaterschapshuis.nl</URL></linkage></CI_OnlineResource></onlineResource></CI_Contact></contactInfo><role><CI_RoleCode codeList="./resources/codeList.xml#CI_RoleCode" codeListValue="distributor"/></role></CI_ResponsibleParty></distributorContact><distributionOrderProcess><MD_StandardOrderProcess><orderingInstructions><gco:CharacterString>Neem contact op met de beheerder van de Geo-Voorziening</gco:CharacterString></orderingInstructions></MD_StandardOrderProcess></distributionOrderProcess></MD_Distributor></distributor><transferOptions><MD_DigitalTransferOptions><unitsOfDistribution><gco:CharacterString>Waterschap Noorderzijlvest</gco:CharacterString></unitsOfDistribution><onLine><CI_OnlineResource><linkage><URL>Server=FS15; Service=5151; User=intwis2; Version=SDE.DEFAULT</URL></linkage><protocol><gco:CharacterString>dataset</gco:CharacterString></protocol><name><gco:CharacterString>-</gco:CharacterString></name></CI_OnlineResource></onLine><offLine><MD_Medium><name><MD_MediumNameCode codeList="./resources/codeList.xml#MD_MediumNameCode" codeListValue=""/></name></MD_Medium></offLine></MD_DigitalTransferOptions></transferOptions></MD_Distribution></distributionInfo><dataQualityInfo><DQ_DataQuality><scope><DQ_Scope><level><MD_ScopeCode codeList="./resources/codeList.xml#MD_ScopeCode" codeListValue="dataset"/></level></DQ_Scope></scope><report><DQ_CompletenessOmission><result><DQ_QuantitativeResult><valueUnit gco:nilReason="inapplicable"/><value><gco:Record>De dataset is voor 100% compleet</gco:Record></value></DQ_QuantitativeResult></result></DQ_CompletenessOmission></report><report><DQ_AbsoluteExternalPositionalAccuracy><result><DQ_QuantitativeResult><valueUnit gco:nilReason="inapplicable"/><value><gco:Record>Nauwkeurigheid is ongeveer 0.28 meter in stedelijk gebied en 0.56 meter in landelijk gebied</gco:Record></value></DQ_QuantitativeResult></result></DQ_AbsoluteExternalPositionalAccuracy></report><report><DQ_DomainConsistency><result><DQ_ConformanceResult><specification><CI_Citation><title><gco:CharacterString>INSPIRE Data Specification on Hydrography – Guidelines</gco:CharacterString></title><date><CI_Date><date gco:nilReason="inapplicable"/><dateType><CI_DateTypeCode codeList="./resources/codeList.xml#CI_DateTypeCode" codeListValue="revision"/></dateType></CI_Date></date></CI_Citation></specification><explanation><gco:CharacterString>Zie dataspecificatie.</gco:CharacterString></explanation><pass><gco:Boolean>true</gco:Boolean></pass></DQ_ConformanceResult></result></DQ_DomainConsistency></report><lineage><LI_Lineage><statement><gco:CharacterString>De objecten zijn gekarteerd op basis van en/of GBKN en/of LKI en/of luchtfoto en/of terrestrische inwinnning en/of TOP10NL. Per individueel object kunnen er verschillende ondergrondkaarten gebruikt zijn voor kartering.</gco:CharacterString></statement></LI_Lineage></lineage></DQ_DataQuality></dataQualityInfo></MD_Metadata><dataqual><lineage><procstep><procdesc Sync="TRUE">Metadata imported.</procdesc><srcused Sync="TRUE">C:\Temp\DatasetsGS\AF-Aanvoergebied-Template-02-GS.xml</srcused><procdate Sync="TRUE">20130121</procdate><proctime Sync="TRUE">11042000</proctime></procstep></lineage></dataqual><idinfo><native Sync="TRUE">Microsoft Windows XP Version 5.1 (Build 2600) Service Pack 3; ESRI ArcCatalog 9.3.1.4000</native><descript><langdata Sync="TRUE">en</langdata></descript><citation><citeinfo><title Sync="TRUE">INTWIS2.GW_GAF</title><ftname Sync="TRUE">INTWIS2.GW_GAF</ftname><geoform Sync="TRUE">vector digital data</geoform><onlink Sync="TRUE">Server=FS26; Service=5151; User=uibele01; Version=SDE.DEFAULT</onlink></citeinfo></citation><natvform Sync="TRUE">SDE Feature Class</natvform><spdom><lboundng><leftbc Sync="TRUE">200000.000000</leftbc><rightbc Sync="TRUE">260000.000000</rightbc><bottombc Sync="TRUE">550000.000000</bottombc><topbc Sync="TRUE">612500.000000</topbc></lboundng><bounding><westbc Sync="TRUE">6.057042</westbc><eastbc Sync="TRUE">6.969763</eastbc><northbc Sync="TRUE">53.497892</northbc><southbc Sync="TRUE">52.927928</southbc></bounding></spdom></idinfo><dataIdInfo><envirDesc Sync="TRUE">Microsoft Windows XP Version 5.1 (Build 2600) Service Pack 3; ESRI ArcCatalog 9.3.1.4000</envirDesc><dataLang><languageCode Sync="TRUE" value="en"></languageCode></dataLang><idCitation><resTitle Sync="TRUE">INTWIS2.GW_GAF</resTitle><presForm><PresFormCd Sync="TRUE" value="005"></PresFormCd></presForm></idCitation><spatRpType><SpatRepTypCd Sync="TRUE" value="001"></SpatRepTypCd></spatRpType><dataExt><geoEle><GeoBndBox esriExtentType="native"><westBL Sync="TRUE">200000</westBL><eastBL Sync="TRUE">260000</eastBL><northBL Sync="TRUE">612500</northBL><southBL Sync="TRUE">550000</southBL><exTypeCode Sync="TRUE">1</exTypeCode></GeoBndBox></geoEle></dataExt><geoBox esriExtentType="decdegrees"><westBL Sync="TRUE">6.057042</westBL><eastBL Sync="TRUE">6.969763</eastBL><northBL Sync="TRUE">53.497892</northBL><southBL Sync="TRUE">52.927928</southBL><exTypeCode Sync="TRUE">1</exTypeCode></geoBox></dataIdInfo><metainfo><langmeta Sync="TRUE">en</langmeta><metstdn Sync="TRUE">FGDC Content Standards for Digital Geospatial Metadata</metstdn><metstdv Sync="TRUE">FGDC-STD-001-1998</metstdv><mettc Sync="TRUE">local time</mettc><metd Sync="TRUE">20140130</metd><metextns><onlink Sync="TRUE">http://www.esri.com/metadata/esriprof80.html</onlink><metprof Sync="TRUE">ESRI Metadata Profile</metprof></metextns></metainfo><mdLang><languageCode Sync="TRUE" value="en"></languageCode></mdLang><mdStanName Sync="TRUE">ISO 19115 Geographic Information - Metadata</mdStanName><mdStanVer Sync="TRUE">DIS_ESRI1.0</mdStanVer><mdChar><CharSetCd Sync="TRUE" value="004"></CharSetCd></mdChar><mdHrLv><ScopeCd Sync="TRUE" value="005"></ScopeCd></mdHrLv><mdHrLvName Sync="TRUE">dataset</mdHrLvName><distinfo><resdesc Sync="TRUE">Downloadable Data</resdesc></distinfo><distInfo><distributor><distorTran><onLineSrc><orDesc Sync="TRUE">002</orDesc><linkage Sync="TRUE">Server=FS26; Service=5151; User=uibele01; Version=SDE.DEFAULT</linkage><protocol Sync="TRUE">ArcSDE Connection</protocol></onLineSrc></distorTran><distorFormat><formatName Sync="TRUE">SDE Feature Class</formatName></distorFormat></distributor></distInfo><spdoinfo><direct Sync="TRUE">Vector</direct><ptvctinf><esriterm Name="INTWIS2.GW_GAF"><efeatyp Sync="TRUE">Simple</efeatyp><efeageom Sync="TRUE">Polygon</efeageom><esritopo Sync="TRUE">FALSE</esritopo><efeacnt Sync="TRUE">96</efeacnt><spindex Sync="TRUE">TRUE</spindex><linrefer Sync="TRUE">FALSE</linrefer></esriterm><sdtsterm Name="INTWIS2.GW_GAF"><sdtstype Sync="TRUE">G-polygon</sdtstype><ptvctcnt Sync="TRUE">96</ptvctcnt></sdtsterm></ptvctinf></spdoinfo><spref><horizsys><cordsysn><geogcsn Sync="TRUE">GCS_Amersfoort</geogcsn><projcsn Sync="TRUE">RD_New</projcsn></cordsysn><planar><planci><plance Sync="TRUE">coordinate pair</plance><plandu Sync="TRUE">meters</plandu><coordrep><absres Sync="TRUE">0.000100</absres><ordres Sync="TRUE">0.000100</ordres></coordrep></planci><mapproj><mapprojn Sync="TRUE">Double Stereographic</mapprojn><mapprojp><longpc Sync="TRUE">5.387639</longpc><latprjc Sync="TRUE">52.156161</latprjc><sfprjorg Sync="TRUE">0.999908</sfprjorg><feast Sync="TRUE">155000.000000</feast><fnorth Sync="TRUE">463000.000000</fnorth></mapprojp></mapproj></planar><geodetic><horizdn Sync="TRUE">D_Amersfoort</horizdn><ellips Sync="TRUE">Bessel_1841</ellips><semiaxis Sync="TRUE">6377397.155000</semiaxis><denflat Sync="TRUE">299.152813</denflat></geodetic></horizsys><vertdef><altsys><altenc Sync="TRUE">Explicit elevation coordinate included with horizontal coordinates</altenc><altres Sync="TRUE">0.000100</altres></altsys></vertdef></spref><refSysInfo><RefSystem><refSysID><identCode Sync="TRUE">RD_New</identCode></refSysID></RefSystem></refSysInfo><spatRepInfo><VectSpatRep><topLvl><TopoLevCd Sync="TRUE" value="001"></TopoLevCd></topLvl><geometObjs Name="INTWIS2.GW_GAF"><geoObjTyp><GeoObjTypCd Sync="TRUE" value="001"></GeoObjTypCd></geoObjTyp><geoObjCnt Sync="TRUE">96</geoObjCnt></geometObjs></VectSpatRep></spatRepInfo><FC_FeatureCatalogue><featureType><name>INTWIS2.GW_GAF</name><definition/><featureAttribute><name>GAF_ID</name><definition/></featureAttribute><featureAttribute><name>GAFIDENT</name></featureAttribute><featureAttribute><name>GAF_GAF_ID</name></featureAttribute><featureAttribute><name>GAFNAAM</name></featureAttribute><featureAttribute><name>GAFSOORT</name></featureAttribute><featureAttribute><name>GAFOPPVL</name></featureAttribute><featureAttribute><name>GAFBEMAL</name></featureAttribute><featureAttribute><name>GAFCODE</name></featureAttribute><featureAttribute><name>OSMOMSCH</name></featureAttribute><featureAttribute><name>IWS_LEGRT</name></featureAttribute><featureAttribute><name>GAFJAAR</name></featureAttribute><featureAttribute><name>OWM_OWM_ID</name></featureAttribute><featureAttribute><name>GEOMETRIE</name></featureAttribute><featureAttribute><name>RICHTING</name></featureAttribute><featureAttribute><name>GEOMETRIE.AREA</name></featureAttribute><featureAttribute><name>GEOMETRIE.LEN</name></featureAttribute></featureType><featureType><name>GW_GAF</name><featureAttribute><name>GAF_ID</name><definition/></featureAttribute><featureAttribute><name>GAFIDENT</name><definition>ID. AF-/AANV.GEB.</definition></featureAttribute><featureAttribute><name>GAF_GAF_ID</name><definition/></featureAttribute><featureAttribute><name>GAFNAAM</name><definition>NAAM AF-/AANV.GEB.</definition></featureAttribute><featureAttribute><name>GAFSOORT</name><definition>SRT AF-/AANV.GEB.</definition></featureAttribute><featureAttribute><name>GAFOPPVL</name><definition>OPP. AF-/AANV.GEB.</definition></featureAttribute><featureAttribute><name>GAFBEMAL</name><definition>IND. BEMALEN OF VRIJ VERVAL</definition></featureAttribute><featureAttribute><name>GAFCODE</name><definition>CODE AFWATERINGSGEBIED</definition></featureAttribute><featureAttribute><name>OSMOMSCH</name><definition>OMSCHRIJVING</definition></featureAttribute><featureAttribute><name>IWS_LEGRT</name><definition>Legger type(n)</definition></featureAttribute><featureAttribute><name>GAFJAAR</name><definition>Jaar waarin GAF bepaald is</definition></featureAttribute><featureAttribute><name>OWM_OWM_ID</name><definition/></featureAttribute><featureAttribute><name>GEOMETRIE</name><definition/></featureAttribute><featureAttribute><name>RICHTING</name><definition/></featureAttribute><featureAttribute><name>GEOMETRIE.AREA</name></featureAttribute><featureAttribute><name>GEOMETRIE.LEN</name></featureAttribute></featureType></FC_FeatureCatalogue><eainfo><detailed Name="INTWIS2.GW_GAF"><enttyp><enttypl Sync="TRUE">INTWIS2.GW_GAF</enttypl><enttypt Sync="TRUE">Feature Class</enttypt><enttypc Sync="TRUE">96</enttypc></enttyp><attr><attrlabl Sync="TRUE">GAF_ID</attrlabl><attalias Sync="TRUE">GAF_ID</attalias><attrtype Sync="TRUE">OID</attrtype><attwidth Sync="TRUE">4</attwidth><atprecis Sync="TRUE">10</atprecis><attscale Sync="TRUE">0</attscale><attrdef Sync="TRUE">Internal feature number.</attrdef><attrdefs Sync="TRUE">ESRI</attrdefs><attrdomv><udom Sync="TRUE">Sequential unique whole numbers that are automatically generated.</udom></attrdomv></attr><attr><attrlabl Sync="TRUE">GAFIDENT</attrlabl><attalias Sync="TRUE">GAFIDENT</attalias><attrtype Sync="TRUE">String</attrtype><attwidth Sync="TRUE">24</attwidth><atprecis Sync="TRUE">0</atprecis><attscale Sync="TRUE">0</attscale></attr><attr><attrlabl Sync="TRUE">GAF_GAF_ID</attrlabl><attalias Sync="TRUE">GAF_GAF_ID</attalias><attrtype Sync="TRUE">Integer</attrtype><attwidth Sync="TRUE">4</attwidth><atprecis Sync="TRUE">10</atprecis><attscale Sync="TRUE">0</attscale></attr><attr><attrlabl Sync="TRUE">GAFNAAM</attrlabl><attalias Sync="TRUE">GAFNAAM</attalias><attrtype Sync="TRUE">String</attrtype><attwidth Sync="TRUE">100</attwidth><atprecis Sync="TRUE">0</atprecis><attscale Sync="TRUE">0</attscale></attr><attr><attrlabl Sync="TRUE">GAFSOORT</attrlabl><attalias Sync="TRUE">GAFSOORT</attalias><attrtype Sync="TRUE">String</attrtype><attwidth Sync="TRUE">50</attwidth><atprecis Sync="TRUE">0</atprecis><attscale Sync="TRUE">0</attscale></attr><attr><attrlabl Sync="TRUE">GAFOPPVL</attrlabl><attalias Sync="TRUE">GAFOPPVL</attalias><attrtype Sync="TRUE">Double</attrtype><attwidth Sync="TRUE">8</attwidth><atprecis Sync="TRUE">16</atprecis><attscale Sync="TRUE">0</attscale></attr><attr><attrlabl Sync="TRUE">GAFBEMAL</attrlabl><attalias Sync="TRUE">GAFBEMAL</attalias><attrtype Sync="TRUE">SmallInteger</attrtype><attwidth Sync="TRUE">2</attwidth><atprecis Sync="TRUE">2</atprecis><attscale Sync="TRUE">0</attscale></attr><attr><attrlabl Sync="TRUE">GAFCODE</attrlabl><attalias Sync="TRUE">GAFCODE</attalias><attrtype Sync="TRUE">String</attrtype><attwidth Sync="TRUE">20</attwidth><atprecis Sync="TRUE">0</atprecis><attscale Sync="TRUE">0</attscale></attr><attr><attrlabl Sync="TRUE">OSMOMSCH</attrlabl><attalias Sync="TRUE">OSMOMSCH</attalias><attrtype Sync="TRUE">String</attrtype><attwidth Sync="TRUE">254</attwidth><atprecis Sync="TRUE">0</atprecis><attscale Sync="TRUE">0</attscale></attr><attr><attrlabl Sync="TRUE">IWS_LEGRT</attrlabl><attalias Sync="TRUE">IWS_LEGRT</attalias><attrtype Sync="TRUE">Integer</attrtype><attwidth Sync="TRUE">4</attwidth><atprecis Sync="TRUE">10</atprecis><attscale Sync="TRUE">0</attscale></attr><attr><attrlabl Sync="TRUE">GAFJAAR</attrlabl><attalias Sync="TRUE">GAFJAAR</attalias><attrtype Sync="TRUE">SmallInteger</attrtype><attwidth Sync="TRUE">2</attwidth><atprecis Sync="TRUE">4</atprecis><attscale Sync="TRUE">0</attscale></attr><attr><attrlabl Sync="TRUE">OWM_OWM_ID</attrlabl><attalias Sync="TRUE">OWM_OWM_ID</attalias><attrtype Sync="TRUE">Integer</attrtype><attwidth Sync="TRUE">4</attwidth><atprecis Sync="TRUE">10</atprecis><attscale Sync="TRUE">0</attscale></attr><attr><attrlabl Sync="TRUE">GEOMETRIE</attrlabl><attalias Sync="TRUE">GEOMETRIE</attalias><attrtype Sync="TRUE">Geometry</attrtype><attwidth Sync="TRUE">4</attwidth><atprecis Sync="TRUE">0</atprecis><attscale Sync="TRUE">0</attscale></attr><attr><attrlabl Sync="TRUE">RICHTING</attrlabl><attalias Sync="TRUE">RICHTING</attalias><attrtype Sync="TRUE">Single</attrtype><attwidth Sync="TRUE">4</attwidth><atprecis Sync="TRUE">5</atprecis><attscale Sync="TRUE">2</attscale></attr><attr><attrlabl Sync="TRUE">GEOMETRIE.AREA</attrlabl><attalias Sync="TRUE">GEOMETRIE.AREA</attalias><attrtype Sync="TRUE">Double</attrtype><attwidth Sync="TRUE">0</attwidth><atprecis Sync="TRUE">0</atprecis><attscale Sync="TRUE">0</attscale></attr><attr><attrlabl Sync="TRUE">GEOMETRIE.LEN</attrlabl><attalias Sync="TRUE">GEOMETRIE.LEN</attalias><attrtype Sync="TRUE">Double</attrtype><attwidth Sync="TRUE">0</attwidth><atprecis Sync="TRUE">0</atprecis><attscale Sync="TRUE">0</attscale></attr></detailed></eainfo><mdDateSt Sync="TRUE">20140130</mdDateSt></metadata>
